{"cameraMode":{"drawMode":0,"name":"Shaded","section":"Shading Mode"},"sceneLighting":false,"audioPlay":false,"sceneViewState":{"m_AlwaysRefresh":false,"showFog":true,"showSkybox":true,"showFlares":true,"showImageEffects":true,"showParticleSystems":true,"showVisualEffectGraphs":true,"m_FxEnabled":true},"in2DMode":false,"pivot":{"x":-9.034246444702149,"y":-28.653884887695314,"z":53.78733825683594},"rotation":{"x":0.2768345773220062,"y":0.003461309242993593,"z":-0.0009968070080503822,"w":0.9609126448631287},"size":34.05445098876953,"orthographic":false}