{"cameraMode":{"drawMode":0,"name":"Shaded","section":"Shading Mode"},"sceneLighting":false,"audioPlay":false,"sceneViewState":{"m_AlwaysRefresh":false,"showFog":true,"showSkybox":true,"showFlares":true,"showImageEffects":true,"showParticleSystems":true,"showVisualEffectGraphs":true,"m_FxEnabled":true},"in2DMode":false,"pivot":{"x":-99.26446533203125,"y":-6.902457237243652,"z":3.4029130935668947},"rotation":{"x":0.035699620842933658,"y":-0.7129392623901367,"z":0.03639118745923042,"w":0.6993755102157593},"size":57.252017974853519,"orthographic":false}